{"stats":{"minecraft:picked_up":{"minecraft:wooden_axe":6,"minecraft:pink_petals":117,"minecraft:stick":32,"minecraft:cherry_planks":109,"minecraft:potato":1,"minecraft:cherry_log":245,"minecraft:redstone":5,"minecraft:dirt":365,"minecraft:bone":43,"minecraft:arrow":32,"minecraft:rotten_flesh":10,"minecraft:stone_axe":6,"minecraft:wheat_seeds":25,"minecraft:granite":1,"minecraft:stone_pickaxe":5,"minecraft:cherry_sapling":76,"minecraft:poppy":1,"minecraft:glass_bottle":6,"minecraft:mutton":40,"minecraft:coal":350,"minecraft:white_wool":11,"minecraft:cobblestone":89},"minecraft:used":{"minecraft:wooden_axe":11,"minecraft:cherry_sapling":32,"minecraft:stone_pickaxe":58,"minecraft:poppy":1,"minecraft:wooden_pickaxe":15,"minecraft:wooden_shovel":60,"minecraft:pink_petals":1,"minecraft:rotten_flesh":2,"minecraft:stone_axe":58,"minecraft:dirt":145,"minecraft:crafting_table":2,"minecraft:furnace":1,"minecraft:white_bed":1,"minecraft:cherry_log":14,"minecraft:smoker":1,"minecraft:cooked_mutton":2},"minecraft:dropped":{"minecraft:wheat_seeds":10,"minecraft:cherry_log":4,"minecraft:cooked_mutton":1},"minecraft:broken":{"minecraft:wooden_shovel":1},"minecraft:custom":{"minecraft:time_since_rest":3093,"minecraft:interact_with_furnace":4,"minecraft:sprint_one_cm":135000,"minecraft:damage_taken":1745,"minecraft:walk_one_cm":160108,"minecraft:mob_kills":8,"minecraft:drop":4,"minecraft:damage_dealt":1378,"minecraft:player_kills":1,"minecraft:interact_with_crafting_table":7,"minecraft:fly_one_cm":191706,"minecraft:deaths":6,"minecraft:crouch_one_cm":1028,"minecraft:play_time":80140,"minecraft:sneak_time":330,"minecraft:jump":996,"minecraft:leave_game":1,"minecraft:time_since_death":27256,"minecraft:sleep_in_bed":3,"minecraft:interact_with_smoker":4,"minecraft:total_world_time":80140,"minecraft:fall_one_cm":16970},"minecraft:mined":{"minecraft:pink_petals":8,"minecraft:cherry_log":85,"minecraft:powder_snow":5,"minecraft:short_grass":34,"minecraft:grass_block":71,"minecraft:coal_ore":50,"minecraft:poppy":1,"minecraft:cherry_leaves":152,"minecraft:dirt":22,"minecraft:stone":23},"minecraft:killed_by":{"minecraft:skeleton":4,"minecraft:witch":1,"minecraft:zombie":1},"minecraft:crafted":{"minecraft:cherry_planks":92,"minecraft:wooden_shovel":1,"minecraft:crafting_table":2,"minecraft:stick":8,"minecraft:wooden_pickaxe":1,"minecraft:stone_pickaxe":1,"minecraft:wooden_axe":1,"minecraft:white_bed":1,"minecraft:furnace":2,"minecraft:stone_axe":1,"minecraft:cooked_mutton":5,"minecraft:smoker":1},"minecraft:killed":{"minecraft:sheep":5,"minecraft:zombie":3}},"DataVersion":3955}