{"stats":{"minecraft:picked_up":{"minecraft:wooden_axe":5,"minecraft:pink_petals":116,"minecraft:stick":29,"minecraft:cherry_planks":103,"minecraft:cherry_log":197,"minecraft:redstone":5,"minecraft:dirt":287,"minecraft:bone":36,"minecraft:arrow":27,"minecraft:rotten_flesh":6,"minecraft:stone_axe":4,"minecraft:wheat_seeds":13,"minecraft:granite":1,"minecraft:stone_pickaxe":4,"minecraft:cherry_sapling":74,"minecraft:poppy":1,"minecraft:glass_bottle":4,"minecraft:mutton":30,"minecraft:coal":300,"minecraft:white_wool":9,"minecraft:cobblestone":77},"minecraft:used":{"minecraft:wooden_axe":11,"minecraft:cherry_sapling":32,"minecraft:stone_pickaxe":58,"minecraft:poppy":1,"minecraft:wooden_pickaxe":15,"minecraft:wooden_shovel":60,"minecraft:rotten_flesh":2,"minecraft:stone_axe":56,"minecraft:dirt":69,"minecraft:crafting_table":2,"minecraft:furnace":1,"minecraft:white_bed":1,"minecraft:cherry_log":13},"minecraft:dropped":{"minecraft:wheat_seeds":1,"minecraft:cherry_log":4},"minecraft:broken":{"minecraft:wooden_shovel":1},"minecraft:custom":{"minecraft:time_since_rest":719,"minecraft:interact_with_furnace":2,"minecraft:sprint_one_cm":106054,"minecraft:damage_taken":1505,"minecraft:walk_one_cm":123305,"minecraft:mob_kills":8,"minecraft:drop":2,"minecraft:damage_dealt":1237,"minecraft:player_kills":1,"minecraft:interact_with_crafting_table":6,"minecraft:fly_one_cm":131716,"minecraft:deaths":5,"minecraft:crouch_one_cm":370,"minecraft:play_time":52431,"minecraft:sneak_time":106,"minecraft:jump":696,"minecraft:time_since_death":686,"minecraft:sleep_in_bed":1,"minecraft:total_world_time":52431,"minecraft:fall_one_cm":13255},"minecraft:mined":{"minecraft:pink_petals":7,"minecraft:cherry_log":85,"minecraft:powder_snow":5,"minecraft:short_grass":11,"minecraft:grass_block":55,"minecraft:coal_ore":50,"minecraft:poppy":1,"minecraft:cherry_leaves":152,"minecraft:dirt":16,"minecraft:stone":23},"minecraft:killed_by":{"minecraft:skeleton":3,"minecraft:witch":1,"minecraft:zombie":1},"minecraft:crafted":{"minecraft:cherry_planks":92,"minecraft:wooden_shovel":1,"minecraft:crafting_table":2,"minecraft:stick":8,"minecraft:wooden_pickaxe":1,"minecraft:stone_pickaxe":1,"minecraft:wooden_axe":1,"minecraft:white_bed":1,"minecraft:furnace":1,"minecraft:stone_axe":1},"minecraft:killed":{"minecraft:sheep":5,"minecraft:zombie":3}},"DataVersion":3955}