{"stats":{"minecraft:crafted":{"minecraft:cherry_planks":92,"minecraft:wooden_shovel":1,"minecraft:crafting_table":2,"minecraft:stick":8,"minecraft:wooden_pickaxe":1,"minecraft:stone_pickaxe":1,"minecraft:wooden_axe":1,"minecraft:furnace":1,"minecraft:stone_axe":1},"minecraft:used":{"minecraft:wooden_axe":8,"minecraft:cherry_sapling":10,"minecraft:stone_pickaxe":58,"minecraft:poppy":1,"minecraft:wooden_pickaxe":15,"minecraft:wooden_shovel":60,"minecraft:dirt":27,"minecraft:crafting_table":2,"minecraft:furnace":1,"minecraft:cherry_log":13},"minecraft:custom":{"minecraft:time_since_rest":32322,"minecraft:interact_with_furnace":1,"minecraft:sprint_one_cm":32876,"minecraft:damage_taken":40,"minecraft:walk_one_cm":59069,"minecraft:drop":1,"minecraft:damage_dealt":26,"minecraft:interact_with_crafting_table":4,"minecraft:fly_one_cm":62944,"minecraft:crouch_one_cm":370,"minecraft:play_time":32322,"minecraft:sneak_time":106,"minecraft:jump":310,"minecraft:time_since_death":32322,"minecraft:total_world_time":32322,"minecraft:fall_one_cm":5081},"minecraft:broken":{"minecraft:wooden_shovel":1},"minecraft:dropped":{"minecraft:wheat_seeds":1},"minecraft:picked_up":{"minecraft:pink_petals":29,"minecraft:stick":4,"minecraft:cherry_log":44,"minecraft:dirt":60,"minecraft:arrow":4,"minecraft:bone":5,"minecraft:wheat_seeds":1,"minecraft:cherry_sapling":18,"minecraft:poppy":1,"minecraft:coal":50,"minecraft:cobblestone":23},"minecraft:mined":{"minecraft:pink_petals":7,"minecraft:cherry_log":44,"minecraft:powder_snow":4,"minecraft:short_grass":8,"minecraft:coal_ore":50,"minecraft:grass_block":52,"minecraft:poppy":1,"minecraft:cherry_leaves":149,"minecraft:dirt":8,"minecraft:stone":23}},"DataVersion":3955}