{"stats":{"minecraft:picked_up":{"minecraft:wooden_axe":3,"minecraft:pink_petals":116,"minecraft:stick":10,"minecraft:cherry_planks":91,"minecraft:cherry_log":73,"minecraft:dirt":203,"minecraft:bone":22,"minecraft:arrow":17,"minecraft:rotten_flesh":4,"minecraft:stone_axe":3,"minecraft:wheat_seeds":1,"minecraft:granite":1,"minecraft:stone_pickaxe":2,"minecraft:cherry_sapling":34,"minecraft:poppy":1,"minecraft:coal":200,"minecraft:cobblestone":53},"minecraft:used":{"minecraft:wooden_axe":8,"minecraft:cherry_sapling":18,"minecraft:stone_pickaxe":58,"minecraft:poppy":1,"minecraft:wooden_pickaxe":15,"minecraft:wooden_shovel":60,"minecraft:stone_axe":23,"minecraft:dirt":66,"minecraft:crafting_table":2,"minecraft:furnace":1,"minecraft:cherry_log":13},"minecraft:dropped":{"minecraft:wheat_seeds":1,"minecraft:cherry_log":4},"minecraft:broken":{"minecraft:wooden_shovel":1},"minecraft:custom":{"minecraft:time_since_rest":3490,"minecraft:interact_with_furnace":1,"minecraft:sprint_one_cm":67545,"minecraft:damage_taken":920,"minecraft:walk_one_cm":74667,"minecraft:mob_kills":2,"minecraft:drop":2,"minecraft:damage_dealt":506,"minecraft:interact_with_crafting_table":4,"minecraft:fly_one_cm":95864,"minecraft:deaths":3,"minecraft:crouch_one_cm":370,"minecraft:play_time":40431,"minecraft:sneak_time":106,"minecraft:jump":463,"minecraft:time_since_death":3436,"minecraft:total_world_time":40431,"minecraft:fall_one_cm":6865},"minecraft:mined":{"minecraft:pink_petals":7,"minecraft:cherry_log":59,"minecraft:powder_snow":5,"minecraft:short_grass":8,"minecraft:grass_block":54,"minecraft:coal_ore":50,"minecraft:poppy":1,"minecraft:cherry_leaves":152,"minecraft:dirt":13,"minecraft:stone":23},"minecraft:killed_by":{"minecraft:skeleton":3},"minecraft:killed":{"minecraft:zombie":2},"minecraft:crafted":{"minecraft:cherry_planks":92,"minecraft:wooden_shovel":1,"minecraft:crafting_table":2,"minecraft:stick":8,"minecraft:wooden_pickaxe":1,"minecraft:stone_pickaxe":1,"minecraft:wooden_axe":1,"minecraft:furnace":1,"minecraft:stone_axe":1}},"DataVersion":3955}