{"stats":{"minecraft:picked_up":{"minecraft:wooden_axe":6,"minecraft:pink_petals":141,"minecraft:cherry_planks":109,"minecraft:potato":1,"minecraft:flint":1,"minecraft:dirt":420,"minecraft:bone":43,"minecraft:wheat_seeds":25,"minecraft:stone_pickaxe":5,"minecraft:poppy":1,"minecraft:glass_bottle":6,"minecraft:stick":32,"minecraft:cherry_log":249,"minecraft:redstone":5,"minecraft:arrow":32,"minecraft:rotten_flesh":10,"minecraft:stone_axe":6,"minecraft:granite":1,"minecraft:cherry_sapling":76,"minecraft:mutton":40,"minecraft:coal":376,"minecraft:cobblestone":95,"minecraft:white_wool":11},"minecraft:used":{"minecraft:cooked_mutton":4,"minecraft:cherry_sapling":32,"minecraft:stone_pickaxe":91,"minecraft:poppy":1,"minecraft:wooden_pickaxe":15,"minecraft:wooden_shovel":60,"minecraft:rotten_flesh":2,"minecraft:dirt":149,"minecraft:crafting_table":2,"minecraft:white_bed":1,"minecraft:smoker":1,"minecraft:wooden_axe":11,"minecraft:stone_axe":61,"minecraft:pink_petals":1,"minecraft:cobblestone":9,"minecraft:furnace":1,"minecraft:cherry_log":17},"minecraft:dropped":{"minecraft:wheat_seeds":10,"minecraft:cherry_log":4,"minecraft:cooked_mutton":1},"minecraft:broken":{"minecraft:wooden_shovel":1},"minecraft:custom":{"minecraft:interact_with_furnace":4,"minecraft:mob_kills":8,"minecraft:interact_with_crafting_table":9,"minecraft:leave_game":2,"minecraft:time_since_death":53385,"minecraft:sleep_in_bed":3,"minecraft:time_since_rest":29222,"minecraft:sprint_one_cm":168965,"minecraft:damage_taken":1936,"minecraft:walk_one_cm":188697,"minecraft:drop":4,"minecraft:damage_dealt":1540,"minecraft:fly_one_cm":250607,"minecraft:player_kills":1,"minecraft:crouch_one_cm":1476,"minecraft:play_time":106269,"minecraft:deaths":6,"minecraft:sneak_time":465,"minecraft:walk_under_water_one_cm":776,"minecraft:jump":1287,"minecraft:walk_on_water_one_cm":2817,"minecraft:interact_with_smoker":4,"minecraft:total_world_time":106269,"minecraft:fall_one_cm":24144},"minecraft:mined":{"minecraft:cherry_log":88,"minecraft:powder_snow":5,"minecraft:short_grass":34,"minecraft:grass_block":73,"minecraft:poppy":1,"minecraft:pink_petals":8,"minecraft:coal_ore":76,"minecraft:cherry_leaves":152,"minecraft:gravel":1,"minecraft:dirt":30,"minecraft:stone":29},"minecraft:killed":{"minecraft:sheep":5,"minecraft:zombie":3},"minecraft:killed_by":{"minecraft:skeleton":4,"minecraft:witch":1,"minecraft:zombie":1},"minecraft:crafted":{"minecraft:cherry_planks":92,"minecraft:wooden_shovel":1,"minecraft:crafting_table":2,"minecraft:wooden_pickaxe":1,"minecraft:furnace":2,"minecraft:stone_axe":1,"minecraft:cooked_mutton":5,"minecraft:wooden_hoe":1,"minecraft:stick":8,"minecraft:stone_pickaxe":1,"minecraft:wooden_axe":1,"minecraft:white_bed":1,"minecraft:smoker":1}},"DataVersion":3955}