{"stats":{"minecraft:picked_up":{"minecraft:stick":36,"minecraft:sand":1},"minecraft:used":{"minecraft:sand":1},"minecraft:mined":{"minecraft:cactus":1,"minecraft:dead_bush":47,"minecraft:sand":1},"minecraft:custom":{"minecraft:jump":280,"minecraft:time_since_rest":678,"minecraft:deaths":1,"minecraft:damage_dealt":24,"minecraft:walk_on_water_one_cm":96,"minecraft:sprint_one_cm":29330,"minecraft:play_time":5444,"minecraft:damage_taken":235,"minecraft:time_since_death":631,"minecraft:walk_one_cm":9932,"minecraft:sneak_time":122,"minecraft:walk_under_water_one_cm":5977,"minecraft:total_world_time":5444,"minecraft:fall_one_cm":10026,"minecraft:fly_one_cm":74496}},"DataVersion":3955}