{"stats":{"minecraft:picked_up":{"minecraft:crafting_table":3,"minecraft:salmon":1,"minecraft:leather":8,"minecraft:oak_log":17,"minecraft:gunpowder":2,"minecraft:wheat_seeds":7,"minecraft:cobbled_deepslate":44,"minecraft:beef":21,"minecraft:sugar_cane":3,"minecraft:furnace":1,"minecraft:stick":39,"minecraft:raw_iron":7,"minecraft:torch":1,"minecraft:sand":1,"minecraft:porkchop":9,"minecraft:diorite":2,"minecraft:arrow":3,"minecraft:rotten_flesh":16,"minecraft:diamond":6,"minecraft:hay_block":25,"minecraft:oak_sapling":2,"minecraft:mutton":10,"minecraft:coal":48,"minecraft:white_wool":11,"minecraft:cobblestone":22},"minecraft:used":{"minecraft:stone_pickaxe":44,"minecraft:shield":16,"minecraft:wooden_pickaxe":13,"minecraft:white_wool":11,"minecraft:torch":80,"minecraft:sand":1,"minecraft:crafting_table":4,"minecraft:obsidian":2,"minecraft:wooden_axe":21,"minecraft:bread":34,"minecraft:iron_pickaxe":69,"minecraft:stone_axe":53,"minecraft:diamond_sword":44,"minecraft:cobblestone":8,"minecraft:oak_sapling":2,"minecraft:furnace":1,"minecraft:cobbled_deepslate":30},"minecraft:dropped":{"minecraft:sugar_cane":3,"minecraft:porkchop":5,"minecraft:salmon":1,"minecraft:wooden_axe":1,"minecraft:wooden_pickaxe":1},"minecraft:mined":{"minecraft:deepslate_diamond_ore":6,"minecraft:sculk_vein":1,"minecraft:crafting_table":3,"minecraft:short_grass":14,"minecraft:dead_bush":50,"minecraft:tall_grass":8,"minecraft:sugar_cane":1,"minecraft:sculk":2,"minecraft:diorite":2,"minecraft:hay_block":25,"minecraft:cactus":1,"minecraft:furnace":1,"minecraft:cobbled_deepslate":17,"minecraft:iron_ore":5,"minecraft:oak_log":17,"minecraft:coal_ore":35,"minecraft:deepslate_iron_ore":2,"minecraft:sand":1,"minecraft:stone":23,"minecraft:white_wool":2,"minecraft:deepslate":26,"minecraft:oak_leaves":1},"minecraft:custom":{"minecraft:interact_with_furnace":6,"minecraft:mob_kills":44,"minecraft:interact_with_crafting_table":12,"minecraft:time_since_death":54631,"minecraft:time_since_rest":54678,"minecraft:sprint_one_cm":187781,"minecraft:damage_taken":1628,"minecraft:walk_one_cm":84870,"minecraft:damage_blocked_by_shield":870,"minecraft:drop":11,"minecraft:damage_dealt":6224,"minecraft:swim_one_cm":11427,"minecraft:fly_one_cm":315413,"minecraft:open_chest":1,"minecraft:crouch_one_cm":10676,"minecraft:play_time":59444,"minecraft:deaths":1,"minecraft:sneak_time":4108,"minecraft:walk_under_water_one_cm":8828,"minecraft:jump":1612,"minecraft:walk_on_water_one_cm":9702,"minecraft:total_world_time":59444,"minecraft:fall_one_cm":52151,"minecraft:horse_one_cm":280},"minecraft:killed":{"minecraft:pig":5,"minecraft:zombie_villager":1,"minecraft:salmon":1,"minecraft:creeper":1,"minecraft:skeleton":1,"minecraft:sheep":9,"minecraft:horse":1,"minecraft:zombie":15,"minecraft:cow":10},"minecraft:crafted":{"minecraft:oak_planks":68,"minecraft:diamond_sword":1,"minecraft:crafting_table":2,"minecraft:wooden_pickaxe":1,"minecraft:furnace":1,"minecraft:stone_axe":1,"minecraft:bread":75,"minecraft:air":0,"minecraft:shield":1,"minecraft:stick":24,"minecraft:iron_ingot":5,"minecraft:iron_pickaxe":1,"minecraft:stone_pickaxe":1,"minecraft:wooden_axe":1,"minecraft:torch":80,"minecraft:wheat":225}},"DataVersion":3955}