{"stats":{"minecraft:picked_up":{"minecraft:stick":39,"minecraft:crafting_table":2,"minecraft:salmon":1,"minecraft:leather":3,"minecraft:porkchop":5,"minecraft:sand":1,"minecraft:oak_log":17,"minecraft:wheat_seeds":6,"minecraft:hay_block":25,"minecraft:beef":7,"minecraft:oak_sapling":2,"minecraft:sugar_cane":3,"minecraft:mutton":10,"minecraft:white_wool":9,"minecraft:cobblestone":13},"minecraft:used":{"minecraft:wooden_axe":21,"minecraft:stone_pickaxe":6,"minecraft:bread":6,"minecraft:wooden_pickaxe":13,"minecraft:stone_axe":18,"minecraft:sand":1,"minecraft:crafting_table":2,"minecraft:oak_sapling":2},"minecraft:dropped":{"minecraft:porkchop":5,"minecraft:sugar_cane":3,"minecraft:wooden_axe":1,"minecraft:wooden_pickaxe":1,"minecraft:salmon":1},"minecraft:mined":{"minecraft:hay_block":25,"minecraft:cactus":1,"minecraft:crafting_table":2,"minecraft:short_grass":5,"minecraft:oak_log":17,"minecraft:dead_bush":50,"minecraft:sand":1,"minecraft:tall_grass":8,"minecraft:stone":13,"minecraft:sugar_cane":1,"minecraft:oak_leaves":1},"minecraft:custom":{"minecraft:time_since_rest":12678,"minecraft:sprint_one_cm":84967,"minecraft:damage_taken":300,"minecraft:walk_one_cm":22625,"minecraft:mob_kills":16,"minecraft:drop":11,"minecraft:damage_dealt":1454,"minecraft:interact_with_crafting_table":3,"minecraft:swim_one_cm":9035,"minecraft:fly_one_cm":194522,"minecraft:open_chest":1,"minecraft:crouch_one_cm":774,"minecraft:play_time":17444,"minecraft:deaths":1,"minecraft:sneak_time":530,"minecraft:walk_under_water_one_cm":7700,"minecraft:jump":790,"minecraft:walk_on_water_one_cm":2426,"minecraft:time_since_death":12631,"minecraft:total_world_time":17444,"minecraft:fall_one_cm":24459,"minecraft:horse_one_cm":280},"minecraft:killed":{"minecraft:sheep":9,"minecraft:pig":3,"minecraft:salmon":1,"minecraft:cow":3},"minecraft:crafted":{"minecraft:oak_planks":68,"minecraft:crafting_table":1,"minecraft:wooden_pickaxe":1,"minecraft:stone_pickaxe":1,"minecraft:wooden_axe":1,"minecraft:stone_axe":1,"minecraft:bread":75,"minecraft:wheat":225}},"DataVersion":3955}