{"stats":{"minecraft:picked_up":{"minecraft:raw_iron":5,"minecraft:stick":39,"minecraft:crafting_table":3,"minecraft:salmon":1,"minecraft:leather":7,"minecraft:porkchop":5,"minecraft:sand":1,"minecraft:oak_log":17,"minecraft:diorite":2,"minecraft:rotten_flesh":2,"minecraft:wheat_seeds":6,"minecraft:hay_block":25,"minecraft:beef":16,"minecraft:furnace":1,"minecraft:oak_sapling":2,"minecraft:coal":48,"minecraft:sugar_cane":3,"minecraft:mutton":10,"minecraft:white_wool":9,"minecraft:cobblestone":22},"minecraft:used":{"minecraft:wooden_axe":21,"minecraft:stone_pickaxe":44,"minecraft:bread":13,"minecraft:iron_pickaxe":16,"minecraft:wooden_pickaxe":13,"minecraft:white_wool":3,"minecraft:stone_axe":30,"minecraft:torch":39,"minecraft:sand":1,"minecraft:cobblestone":8,"minecraft:crafting_table":3,"minecraft:furnace":1,"minecraft:oak_sapling":2},"minecraft:dropped":{"minecraft:porkchop":5,"minecraft:sugar_cane":3,"minecraft:wooden_axe":1,"minecraft:wooden_pickaxe":1,"minecraft:salmon":1},"minecraft:mined":{"minecraft:hay_block":25,"minecraft:cactus":1,"minecraft:furnace":1,"minecraft:iron_ore":5,"minecraft:crafting_table":3,"minecraft:short_grass":7,"minecraft:coal_ore":35,"minecraft:oak_log":17,"minecraft:dead_bush":50,"minecraft:sand":1,"minecraft:tall_grass":8,"minecraft:stone":23,"minecraft:sugar_cane":1,"minecraft:diorite":2,"minecraft:oak_leaves":1},"minecraft:custom":{"minecraft:time_since_rest":24678,"minecraft:interact_with_furnace":6,"minecraft:sprint_one_cm":150300,"minecraft:damage_taken":570,"minecraft:walk_one_cm":39870,"minecraft:mob_kills":23,"minecraft:drop":11,"minecraft:damage_dealt":2355,"minecraft:interact_with_crafting_table":5,"minecraft:swim_one_cm":11427,"minecraft:fly_one_cm":236376,"minecraft:open_chest":1,"minecraft:crouch_one_cm":1290,"minecraft:play_time":29444,"minecraft:deaths":1,"minecraft:sneak_time":1059,"minecraft:walk_under_water_one_cm":8828,"minecraft:jump":1182,"minecraft:walk_on_water_one_cm":9702,"minecraft:time_since_death":24631,"minecraft:total_world_time":29444,"minecraft:fall_one_cm":32335,"minecraft:horse_one_cm":280},"minecraft:killed":{"minecraft:sheep":9,"minecraft:zombie":2,"minecraft:pig":3,"minecraft:salmon":1,"minecraft:cow":8},"minecraft:crafted":{"minecraft:oak_planks":68,"minecraft:crafting_table":1,"minecraft:stick":12,"minecraft:iron_pickaxe":1,"minecraft:iron_ingot":5,"minecraft:wooden_pickaxe":1,"minecraft:stone_pickaxe":1,"minecraft:wooden_axe":1,"minecraft:furnace":1,"minecraft:torch":48,"minecraft:stone_axe":1,"minecraft:air":0,"minecraft:bread":75,"minecraft:wheat":225}},"DataVersion":3955}