{"stats":{"minecraft:picked_up":{"minecraft:crafting_table":2,"minecraft:pink_petals":4,"minecraft:stick":17,"minecraft:raw_iron":1,"minecraft:cherry_planks":29,"minecraft:cooked_porkchop":5,"minecraft:wooden_pickaxe":2,"minecraft:potato":1,"minecraft:gravel":1,"minecraft:flint":1,"minecraft:cherry_log":5,"minecraft:diorite":6,"minecraft:white_bed":1,"minecraft:dirt":42,"minecraft:cooked_mutton":1,"minecraft:bone":7,"minecraft:arrow":6,"minecraft:rotten_flesh":6,"minecraft:stone_pickaxe":1,"minecraft:cherry_sapling":34,"minecraft:coal":69,"minecraft:cobblestone":37,"minecraft:azure_bluet":1},"minecraft:used":{"minecraft:cherry_sapling":2,"minecraft:diorite":6,"minecraft:stone_pickaxe":84,"minecraft:wooden_pickaxe":10,"minecraft:shield":26,"minecraft:gravel":1,"minecraft:stone_axe":12,"minecraft:dirt":20,"minecraft:crafting_table":2,"minecraft:furnace":1,"minecraft:cooked_porkchop":5,"minecraft:cooked_mutton":2},"minecraft:dropped":{"minecraft:potato":1,"minecraft:cherry_log":1,"minecraft:cherry_sapling":12,"minecraft:rotten_flesh":3,"minecraft:wooden_pickaxe":1},"minecraft:custom":{"minecraft:time_since_rest":57608,"minecraft:interact_with_furnace":3,"minecraft:sprint_one_cm":84195,"minecraft:damage_taken":1078,"minecraft:walk_one_cm":80772,"minecraft:damage_blocked_by_shield":1275,"minecraft:mob_kills":5,"minecraft:drop":7,"minecraft:damage_dealt":945,"minecraft:interact_with_crafting_table":6,"minecraft:fly_one_cm":220023,"minecraft:play_time":102483,"minecraft:crouch_one_cm":71,"minecraft:deaths":2,"minecraft:sneak_time":39,"minecraft:jump":644,"minecraft:leave_game":2,"minecraft:time_since_death":57582,"minecraft:total_world_time":102483,"minecraft:interact_with_smoker":3,"minecraft:fall_one_cm":15950},"minecraft:mined":{"minecraft:iron_ore":1,"minecraft:crafting_table":1,"minecraft:grass_block":3,"minecraft:coal_ore":58,"minecraft:dirt":16,"minecraft:stone":28,"minecraft:diorite":6},"minecraft:killed_by":{"minecraft:player":1,"minecraft:zombie":1},"minecraft:crafted":{"minecraft:cherry_planks":16,"minecraft:shield":1,"minecraft:crafting_table":1,"minecraft:stick":4,"minecraft:wooden_pickaxe":1,"minecraft:iron_ingot":1,"minecraft:stone_pickaxe":1,"minecraft:furnace":1,"minecraft:stone_axe":1,"minecraft:air":0,"minecraft:cooked_mutton":5},"minecraft:killed":{"minecraft:skeleton":3,"minecraft:zombie":2}},"DataVersion":3955}