{"stats":{"minecraft:used":{"minecraft:cherry_sapling":1},"minecraft:custom":{"minecraft:jump":60,"minecraft:time_since_rest":32170,"minecraft:leave_game":1,"minecraft:damage_dealt":10,"minecraft:sprint_one_cm":10682,"minecraft:play_time":32170,"minecraft:damage_taken":101,"minecraft:time_since_death":32170,"minecraft:walk_one_cm":4945,"minecraft:sneak_time":4,"minecraft:total_world_time":32170,"minecraft:drop":1,"minecraft:fall_one_cm":1206,"minecraft:fly_one_cm":108409},"minecraft:dropped":{"minecraft:cherry_log":1},"minecraft:picked_up":{"minecraft:stick":8,"minecraft:cherry_sapling":12,"minecraft:cherry_log":1}},"DataVersion":3955}