{"stats":{"minecraft:picked_up":{"minecraft:crafting_table":1,"minecraft:stick":17,"minecraft:raw_iron":1,"minecraft:cherry_planks":29,"minecraft:wooden_pickaxe":1,"minecraft:cherry_log":5,"minecraft:diorite":4,"minecraft:dirt":31,"minecraft:arrow":4,"minecraft:bone":4,"minecraft:rotten_flesh":4,"minecraft:stone_pickaxe":1,"minecraft:cherry_sapling":34,"minecraft:coal":56,"minecraft:cobblestone":28},"minecraft:used":{"minecraft:cherry_sapling":2,"minecraft:diorite":4,"minecraft:stone_pickaxe":74,"minecraft:wooden_pickaxe":10,"minecraft:stone_axe":1,"minecraft:dirt":14,"minecraft:crafting_table":2,"minecraft:furnace":1},"minecraft:dropped":{"minecraft:cherry_log":1,"minecraft:cherry_sapling":12,"minecraft:rotten_flesh":3,"minecraft:wooden_pickaxe":1},"minecraft:custom":{"minecraft:time_since_rest":11036,"minecraft:interact_with_furnace":2,"minecraft:sprint_one_cm":53624,"minecraft:damage_taken":500,"minecraft:walk_one_cm":52784,"minecraft:drop":6,"minecraft:damage_dealt":45,"minecraft:interact_with_crafting_table":6,"minecraft:fly_one_cm":185606,"minecraft:crouch_one_cm":71,"minecraft:play_time":55911,"minecraft:deaths":2,"minecraft:sneak_time":15,"minecraft:jump":418,"minecraft:leave_game":1,"minecraft:time_since_death":11010,"minecraft:total_world_time":55911,"minecraft:fall_one_cm":10875},"minecraft:mined":{"minecraft:iron_ore":1,"minecraft:crafting_table":1,"minecraft:grass_block":3,"minecraft:coal_ore":56,"minecraft:dirt":15,"minecraft:stone":23,"minecraft:diorite":4},"minecraft:killed_by":{"minecraft:player":1,"minecraft:zombie":1},"minecraft:crafted":{"minecraft:cherry_planks":16,"minecraft:shield":1,"minecraft:crafting_table":1,"minecraft:stick":4,"minecraft:iron_ingot":1,"minecraft:wooden_pickaxe":1,"minecraft:stone_pickaxe":1,"minecraft:furnace":1,"minecraft:stone_axe":1,"minecraft:air":0}},"DataVersion":3955}