{"stats":{"minecraft:picked_up":{"minecraft:crafting_table":1,"minecraft:stick":17,"minecraft:raw_iron":1,"minecraft:cooked_porkchop":5,"minecraft:cherry_planks":29,"minecraft:wooden_pickaxe":1,"minecraft:gravel":1,"minecraft:cherry_log":5,"minecraft:diorite":6,"minecraft:dirt":32,"minecraft:arrow":6,"minecraft:bone":5,"minecraft:rotten_flesh":4,"minecraft:stone_pickaxe":1,"minecraft:cherry_sapling":34,"minecraft:coal":58,"minecraft:cobblestone":33},"minecraft:used":{"minecraft:cherry_sapling":2,"minecraft:diorite":6,"minecraft:stone_pickaxe":83,"minecraft:shield":5,"minecraft:wooden_pickaxe":10,"minecraft:stone_axe":5,"minecraft:dirt":15,"minecraft:crafting_table":2,"minecraft:furnace":1,"minecraft:cooked_porkchop":2},"minecraft:dropped":{"minecraft:cherry_log":1,"minecraft:cherry_sapling":12,"minecraft:rotten_flesh":3,"minecraft:wooden_pickaxe":1},"minecraft:custom":{"minecraft:time_since_rest":23036,"minecraft:interact_with_furnace":3,"minecraft:sprint_one_cm":68475,"minecraft:damage_taken":685,"minecraft:walk_one_cm":61855,"minecraft:damage_blocked_by_shield":315,"minecraft:mob_kills":2,"minecraft:drop":6,"minecraft:damage_dealt":445,"minecraft:interact_with_crafting_table":6,"minecraft:fly_one_cm":194838,"minecraft:crouch_one_cm":71,"minecraft:play_time":67911,"minecraft:deaths":2,"minecraft:sneak_time":15,"minecraft:jump":502,"minecraft:leave_game":1,"minecraft:time_since_death":23010,"minecraft:total_world_time":67911,"minecraft:fall_one_cm":13039},"minecraft:mined":{"minecraft:iron_ore":1,"minecraft:crafting_table":1,"minecraft:grass_block":3,"minecraft:coal_ore":58,"minecraft:dirt":16,"minecraft:stone":27,"minecraft:diorite":6},"minecraft:killed_by":{"minecraft:player":1,"minecraft:zombie":1},"minecraft:crafted":{"minecraft:cherry_planks":16,"minecraft:shield":1,"minecraft:crafting_table":1,"minecraft:stick":4,"minecraft:iron_ingot":1,"minecraft:wooden_pickaxe":1,"minecraft:stone_pickaxe":1,"minecraft:furnace":1,"minecraft:stone_axe":1,"minecraft:air":0},"minecraft:killed":{"minecraft:skeleton":2}},"DataVersion":3955}