{"stats":{"minecraft:picked_up":{"minecraft:pink_petals":4,"minecraft:crafting_table":1,"minecraft:stick":17,"minecraft:raw_iron":1,"minecraft:cooked_porkchop":5,"minecraft:cherry_planks":29,"minecraft:wooden_pickaxe":1,"minecraft:potato":1,"minecraft:gravel":1,"minecraft:flint":1,"minecraft:cherry_log":5,"minecraft:diorite":6,"minecraft:dirt":32,"minecraft:cooked_mutton":1,"minecraft:arrow":6,"minecraft:bone":7,"minecraft:rotten_flesh":6,"minecraft:stone_pickaxe":1,"minecraft:cherry_sapling":34,"minecraft:coal":58,"minecraft:cobblestone":37},"minecraft:used":{"minecraft:cherry_sapling":2,"minecraft:diorite":6,"minecraft:stone_pickaxe":84,"minecraft:shield":26,"minecraft:wooden_pickaxe":10,"minecraft:gravel":1,"minecraft:stone_axe":12,"minecraft:dirt":19,"minecraft:crafting_table":2,"minecraft:furnace":1,"minecraft:cooked_porkchop":5},"minecraft:dropped":{"minecraft:potato":1,"minecraft:cherry_log":1,"minecraft:cherry_sapling":12,"minecraft:rotten_flesh":3,"minecraft:wooden_pickaxe":1},"minecraft:custom":{"minecraft:time_since_rest":37828,"minecraft:interact_with_furnace":3,"minecraft:sprint_one_cm":82307,"minecraft:damage_taken":845,"minecraft:walk_one_cm":78526,"minecraft:damage_blocked_by_shield":1275,"minecraft:mob_kills":5,"minecraft:drop":7,"minecraft:damage_dealt":945,"minecraft:interact_with_crafting_table":6,"minecraft:fly_one_cm":219317,"minecraft:crouch_one_cm":71,"minecraft:play_time":82703,"minecraft:deaths":2,"minecraft:sneak_time":39,"minecraft:jump":640,"minecraft:leave_game":2,"minecraft:time_since_death":37802,"minecraft:interact_with_smoker":3,"minecraft:total_world_time":82703,"minecraft:fall_one_cm":15131},"minecraft:mined":{"minecraft:iron_ore":1,"minecraft:crafting_table":1,"minecraft:grass_block":3,"minecraft:coal_ore":58,"minecraft:dirt":16,"minecraft:stone":28,"minecraft:diorite":6},"minecraft:killed_by":{"minecraft:player":1,"minecraft:zombie":1},"minecraft:crafted":{"minecraft:cherry_planks":16,"minecraft:shield":1,"minecraft:crafting_table":1,"minecraft:stick":4,"minecraft:iron_ingot":1,"minecraft:wooden_pickaxe":1,"minecraft:stone_pickaxe":1,"minecraft:furnace":1,"minecraft:stone_axe":1,"minecraft:cooked_mutton":5,"minecraft:air":0},"minecraft:killed":{"minecraft:skeleton":3,"minecraft:zombie":2}},"DataVersion":3955}