{"stats":{"minecraft:picked_up":{"minecraft:bone":1,"minecraft:stick":16,"minecraft:arrow":2,"minecraft:cherry_planks":16,"minecraft:rotten_flesh":4,"minecraft:cherry_sapling":22,"minecraft:cherry_log":5,"minecraft:dirt":25,"minecraft:cobblestone":8},"minecraft:used":{"minecraft:cherry_sapling":2,"minecraft:dirt":12,"minecraft:wooden_pickaxe":8},"minecraft:dropped":{"minecraft:rotten_flesh":2,"minecraft:cherry_log":1},"minecraft:custom":{"minecraft:time_since_rest":4296,"minecraft:crouch_one_cm":71,"minecraft:sprint_one_cm":34868,"minecraft:play_time":43911,"minecraft:deaths":1,"minecraft:damage_taken":410,"minecraft:walk_one_cm":31370,"minecraft:sneak_time":13,"minecraft:drop":3,"minecraft:jump":263,"minecraft:damage_dealt":45,"minecraft:leave_game":1,"minecraft:time_since_death":4261,"minecraft:total_world_time":43911,"minecraft:interact_with_crafting_table":3,"minecraft:fall_one_cm":6157,"minecraft:fly_one_cm":153533},"minecraft:mined":{"minecraft:grass_block":3,"minecraft:dirt":15,"minecraft:stone":8},"minecraft:killed_by":{"minecraft:zombie":1},"minecraft:crafted":{"minecraft:cherry_planks":16,"minecraft:stone_pickaxe":1,"minecraft:wooden_pickaxe":1}},"DataVersion":3955}