{"stats":{"minecraft:picked_up":{"minecraft:acacia_log":3,"minecraft:porkchop":1},"minecraft:used":{"minecraft:wooden_axe":2,"minecraft:crafting_table":1},"minecraft:custom":{"minecraft:time_since_rest":2358,"minecraft:play_time":2358,"minecraft:sprint_one_cm":10979,"minecraft:damage_taken":130,"minecraft:walk_one_cm":1330,"minecraft:walk_under_water_one_cm":198,"minecraft:mob_kills":2,"minecraft:jump":57,"minecraft:damage_dealt":140,"minecraft:leave_game":1,"minecraft:time_since_death":2358,"minecraft:walk_on_water_one_cm":300,"minecraft:total_world_time":2358,"minecraft:swim_one_cm":6000,"minecraft:interact_with_crafting_table":1,"minecraft:fall_one_cm":1565,"minecraft:fly_one_cm":17336},"minecraft:mined":{"minecraft:acacia_log":3},"minecraft:killed":{"minecraft:pig":1,"minecraft:chicken":1},"minecraft:crafted":{"minecraft:acacia_planks":12,"minecraft:crafting_table":1,"minecraft:stick":4,"minecraft:wooden_axe":1}},"DataVersion":3955}