{"stats":{"minecraft:picked_up":{"minecraft:raw_iron":7,"minecraft:stick":12,"minecraft:crafting_table":4,"minecraft:andesite":30,"minecraft:oak_log":10,"minecraft:diorite":13,"minecraft:gunpowder":1,"minecraft:lapis_lazuli":15,"minecraft:dirt":14,"minecraft:rabbit_hide":2,"minecraft:hay_block":15,"minecraft:bone_meal":1,"minecraft:azalea":1,"minecraft:rabbit":4,"minecraft:oak_sapling":2,"minecraft:sugar_cane":18,"minecraft:cobblestone":139,"minecraft:furnace":2},"minecraft:used":{"minecraft:bread":6,"minecraft:stone_pickaxe":156,"minecraft:wooden_pickaxe":51,"minecraft:stone_axe":27,"minecraft:cobblestone":6,"minecraft:wheat":9,"minecraft:crafting_table":4,"minecraft:furnace":3,"minecraft:oak_sapling":1,"minecraft:cooked_rabbit":4,"minecraft:bone_meal":1},"minecraft:dropped":{"minecraft:dirt":14,"minecraft:diorite":2,"minecraft:andesite":15,"minecraft:azalea":1,"minecraft:wooden_pickaxe":1},"minecraft:broken":{"minecraft:stone_pickaxe":1},"minecraft:mined":{"minecraft:hay_block":15,"minecraft:furnace":2,"minecraft:iron_ore":7,"minecraft:andesite":30,"minecraft:crafting_table":4,"minecraft:grass_block":2,"minecraft:oak_log":10,"minecraft:flowering_azalea_leaves":1,"minecraft:dead_bush":11,"minecraft:sand":1,"minecraft:dirt":12,"minecraft:lapis_ore":2,"minecraft:stone":139,"minecraft:sugar_cane":8,"minecraft:diorite":13},"minecraft:custom":{"minecraft:time_since_rest":28943,"minecraft:interact_with_furnace":7,"minecraft:sprint_one_cm":100530,"minecraft:damage_taken":355,"minecraft:walk_one_cm":40268,"minecraft:mob_kills":5,"minecraft:drop":5,"minecraft:damage_dealt":320,"minecraft:swim_one_cm":17125,"minecraft:interact_with_crafting_table":8,"minecraft:fly_one_cm":183479,"minecraft:open_chest":3,"minecraft:interact_with_loom":1,"minecraft:play_time":44237,"minecraft:bell_ring":1,"minecraft:sneak_time":12,"minecraft:walk_under_water_one_cm":3175,"minecraft:jump":667,"minecraft:sleep_in_bed":1,"minecraft:walk_on_water_one_cm":2783,"minecraft:time_since_death":44237,"minecraft:total_world_time":44237,"minecraft:fall_one_cm":24103,"minecraft:horse_one_cm":449},"minecraft:killed":{"minecraft:rabbit":4,"minecraft:creeper":1},"minecraft:crafted":{"minecraft:oak_planks":20,"minecraft:crafting_table":1,"minecraft:wooden_pickaxe":1,"minecraft:stone_pickaxe":4,"minecraft:furnace":1,"minecraft:stone_axe":1,"minecraft:cooked_rabbit":4,"minecraft:bread":48,"minecraft:air":0,"minecraft:wheat":135}},"DataVersion":3955}