{"stats":{"minecraft:picked_up":{"minecraft:pink_petals":14,"minecraft:leather":2,"minecraft:flint":1,"minecraft:dirt":491,"minecraft:bone":2,"minecraft:wheat_seeds":1,"minecraft:beef":1,"minecraft:stone_pickaxe":1,"minecraft:poppy":5,"minecraft:furnace":1,"minecraft:raw_iron":2,"minecraft:torch":6,"minecraft:gravel":8,"minecraft:porkchop":16,"minecraft:dark_oak_log":28,"minecraft:arrow":2,"minecraft:mutton":4,"minecraft:coal":57,"minecraft:white_wool":3,"minecraft:cobblestone":517},"minecraft:used":{"minecraft:cooked_mutton":4,"minecraft:stone_shovel":543,"minecraft:stone_pickaxe":580,"minecraft:wooden_pickaxe":3,"minecraft:torch":25,"minecraft:dirt":324,"minecraft:crafting_table":5,"minecraft:white_bed":1,"minecraft:dark_oak_door":2,"minecraft:dark_oak_planks":18,"minecraft:gravel":8,"minecraft:stone_axe":51,"minecraft:pink_petals":11,"minecraft:cobblestone":86,"minecraft:furnace":6,"minecraft:cooked_porkchop":8},"minecraft:dropped":{"minecraft:dark_oak_door":1,"minecraft:furnace":1,"minecraft:cooked_porkchop":5,"minecraft:wooden_pickaxe":1,"minecraft:stone_pickaxe":1},"minecraft:custom":{"minecraft:interact_with_furnace":11,"minecraft:mob_kills":14,"minecraft:interact_with_crafting_table":13,"minecraft:leave_game":1,"minecraft:time_since_death":62959,"minecraft:sleep_in_bed":3,"minecraft:time_since_rest":3111,"minecraft:sprint_one_cm":114229,"minecraft:damage_taken":975,"minecraft:walk_one_cm":230043,"minecraft:drop":9,"minecraft:damage_dealt":1832,"minecraft:swim_one_cm":7819,"minecraft:fly_one_cm":106081,"minecraft:crouch_one_cm":1390,"minecraft:play_time":62959,"minecraft:sneak_time":560,"minecraft:walk_under_water_one_cm":734,"minecraft:jump":773,"minecraft:walk_on_water_one_cm":752,"minecraft:total_world_time":62959,"minecraft:fall_one_cm":15700},"minecraft:broken":{"minecraft:stone_pickaxe":4,"minecraft:stone_shovel":4},"minecraft:mined":{"minecraft:cherry_log":1,"minecraft:dark_oak_log":28,"minecraft:short_grass":7,"minecraft:grass_block":172,"minecraft:poppy":1,"minecraft:cobblestone":32,"minecraft:wall_torch":6,"minecraft:pink_petals":7,"minecraft:furnace":1,"minecraft:iron_ore":2,"minecraft:coal_ore":57,"minecraft:gravel":9,"minecraft:dirt":373,"minecraft:stone":486},"minecraft:killed":{"minecraft:pig":7,"minecraft:sheep":3,"minecraft:skeleton":3,"minecraft:cow":1},"minecraft:crafted":{"minecraft:stone_shovel":5,"minecraft:cooked_porkchop":16,"minecraft:crafting_table":5,"minecraft:wooden_pickaxe":1,"minecraft:furnace":6,"minecraft:stone_axe":1,"minecraft:air":0,"minecraft:cooked_mutton":4,"minecraft:dark_oak_door":3,"minecraft:charcoal":5,"minecraft:stick":60,"minecraft:stone_pickaxe":9,"minecraft:white_bed":1,"minecraft:dark_oak_planks":92,"minecraft:torch":112}},"DataVersion":3955}