{"stats":{"minecraft:picked_up":{"minecraft:leather":2,"minecraft:beef":1,"minecraft:porkchop":11,"minecraft:mutton":4,"minecraft:white_wool":3,"minecraft:cobblestone":43,"minecraft:dark_oak_log":28,"minecraft:dirt":3},"minecraft:used":{"minecraft:stone_axe":32,"minecraft:dirt":3,"minecraft:crafting_table":1,"minecraft:stone_pickaxe":40,"minecraft:wooden_pickaxe":3},"minecraft:dropped":{"minecraft:wooden_pickaxe":1},"minecraft:custom":{"minecraft:time_since_rest":10194,"minecraft:play_time":10194,"minecraft:sprint_one_cm":22978,"minecraft:damage_taken":150,"minecraft:walk_one_cm":26407,"minecraft:sneak_time":5,"minecraft:walk_under_water_one_cm":734,"minecraft:mob_kills":8,"minecraft:drop":1,"minecraft:jump":112,"minecraft:damage_dealt":740,"minecraft:walk_on_water_one_cm":752,"minecraft:time_since_death":10194,"minecraft:total_world_time":10194,"minecraft:swim_one_cm":7819,"minecraft:interact_with_crafting_table":5,"minecraft:fall_one_cm":2510,"minecraft:fly_one_cm":12286},"minecraft:mined":{"minecraft:grass_block":1,"minecraft:dirt":2,"minecraft:dark_oak_log":28,"minecraft:stone":43},"minecraft:crafted":{"minecraft:furnace":1,"minecraft:dark_oak_planks":20,"minecraft:stone_axe":1,"minecraft:crafting_table":1,"minecraft:stick":12,"minecraft:wooden_pickaxe":1,"minecraft:stone_pickaxe":1},"minecraft:killed":{"minecraft:sheep":3,"minecraft:pig":4,"minecraft:cow":1}},"DataVersion":3955}