{"stats":{"minecraft:picked_up":{"minecraft:stick":12,"minecraft:crafting_table":2,"minecraft:andesite":15,"minecraft:oak_log":10,"minecraft:diorite":2,"minecraft:dirt":14,"minecraft:rabbit_hide":2,"minecraft:hay_block":7,"minecraft:azalea":1,"minecraft:rabbit":4,"minecraft:oak_sapling":2,"minecraft:sugar_cane":18,"minecraft:cobblestone":20,"minecraft:furnace":2},"minecraft:used":{"minecraft:stone_pickaxe":2,"minecraft:wooden_pickaxe":51,"minecraft:stone_axe":23,"minecraft:cobblestone":4,"minecraft:crafting_table":2,"minecraft:furnace":2,"minecraft:oak_sapling":1,"minecraft:cooked_rabbit":4},"minecraft:dropped":{"minecraft:dirt":14,"minecraft:diorite":2,"minecraft:andesite":15,"minecraft:azalea":1,"minecraft:wooden_pickaxe":1},"minecraft:mined":{"minecraft:hay_block":12,"minecraft:furnace":2,"minecraft:andesite":15,"minecraft:crafting_table":2,"minecraft:grass_block":2,"minecraft:oak_log":10,"minecraft:flowering_azalea_leaves":1,"minecraft:dead_bush":11,"minecraft:sand":1,"minecraft:dirt":12,"minecraft:stone":20,"minecraft:sugar_cane":8,"minecraft:diorite":2},"minecraft:custom":{"minecraft:time_since_rest":14237,"minecraft:interact_with_furnace":6,"minecraft:sprint_one_cm":55074,"minecraft:damage_taken":70,"minecraft:walk_one_cm":27435,"minecraft:mob_kills":4,"minecraft:drop":5,"minecraft:damage_dealt":120,"minecraft:swim_one_cm":14636,"minecraft:interact_with_crafting_table":4,"minecraft:fly_one_cm":123041,"minecraft:play_time":14237,"minecraft:sneak_time":3,"minecraft:walk_under_water_one_cm":1829,"minecraft:jump":467,"minecraft:walk_on_water_one_cm":1702,"minecraft:time_since_death":14237,"minecraft:total_world_time":14237,"minecraft:fall_one_cm":16889},"minecraft:killed":{"minecraft:rabbit":4},"minecraft:crafted":{"minecraft:oak_planks":20,"minecraft:crafting_table":1,"minecraft:wooden_pickaxe":1,"minecraft:stone_pickaxe":1,"minecraft:furnace":1,"minecraft:stone_axe":1,"minecraft:cooked_rabbit":4,"minecraft:air":0}},"DataVersion":3955}