{"stats":{"minecraft:picked_up":{"minecraft:raw_iron":2,"minecraft:leather":2,"minecraft:torch":3,"minecraft:gravel":1,"minecraft:porkchop":16,"minecraft:dark_oak_log":28,"minecraft:dirt":34,"minecraft:arrow":1,"minecraft:bone":2,"minecraft:beef":1,"minecraft:stone_pickaxe":1,"minecraft:poppy":1,"minecraft:coal":34,"minecraft:mutton":4,"minecraft:white_wool":3,"minecraft:cobblestone":367},"minecraft:used":{"minecraft:stone_shovel":29,"minecraft:stone_pickaxe":409,"minecraft:wooden_pickaxe":3,"minecraft:stone_axe":47,"minecraft:torch":11,"minecraft:dirt":4,"minecraft:cobblestone":21,"minecraft:crafting_table":4,"minecraft:furnace":1,"minecraft:cooked_porkchop":7,"minecraft:white_bed":1},"minecraft:dropped":{"minecraft:cooked_porkchop":5,"minecraft:stone_pickaxe":1,"minecraft:wooden_pickaxe":1},"minecraft:custom":{"minecraft:time_since_rest":850,"minecraft:interact_with_furnace":7,"minecraft:sprint_one_cm":58331,"minecraft:damage_taken":625,"minecraft:walk_one_cm":93363,"minecraft:mob_kills":13,"minecraft:drop":7,"minecraft:damage_dealt":1626,"minecraft:swim_one_cm":7819,"minecraft:interact_with_crafting_table":10,"minecraft:fly_one_cm":47858,"minecraft:play_time":34194,"minecraft:sneak_time":5,"minecraft:walk_under_water_one_cm":734,"minecraft:jump":394,"minecraft:time_since_death":34194,"minecraft:walk_on_water_one_cm":752,"minecraft:sleep_in_bed":1,"minecraft:total_world_time":34194,"minecraft:fall_one_cm":6048},"minecraft:broken":{"minecraft:stone_pickaxe":3},"minecraft:mined":{"minecraft:iron_ore":2,"minecraft:dark_oak_log":28,"minecraft:coal_ore":34,"minecraft:grass_block":11,"minecraft:gravel":1,"minecraft:dirt":23,"minecraft:stone":374,"minecraft:wall_torch":3},"minecraft:crafted":{"minecraft:stone_shovel":1,"minecraft:charcoal":5,"minecraft:cooked_porkchop":16,"minecraft:crafting_table":4,"minecraft:stick":44,"minecraft:wooden_pickaxe":1,"minecraft:stone_pickaxe":5,"minecraft:furnace":1,"minecraft:white_bed":1,"minecraft:dark_oak_planks":48,"minecraft:torch":8,"minecraft:stone_axe":1,"minecraft:cooked_mutton":4,"minecraft:air":0},"minecraft:killed":{"minecraft:sheep":3,"minecraft:skeleton":2,"minecraft:pig":7,"minecraft:cow":1}},"DataVersion":3955}