{"stats":{"minecraft:picked_up":{"minecraft:raw_iron":2,"minecraft:leather":2,"minecraft:torch":3,"minecraft:porkchop":16,"minecraft:dark_oak_log":28,"minecraft:dirt":5,"minecraft:beef":1,"minecraft:stone_pickaxe":1,"minecraft:coal":21,"minecraft:mutton":4,"minecraft:white_wool":3,"minecraft:cobblestone":114},"minecraft:used":{"minecraft:stone_pickaxe":137,"minecraft:wooden_pickaxe":3,"minecraft:stone_axe":41,"minecraft:torch":10,"minecraft:dirt":4,"minecraft:cobblestone":1,"minecraft:crafting_table":3,"minecraft:furnace":1,"minecraft:cooked_porkchop":5},"minecraft:dropped":{"minecraft:cooked_porkchop":5,"minecraft:stone_pickaxe":1,"minecraft:wooden_pickaxe":1},"minecraft:custom":{"minecraft:time_since_rest":22194,"minecraft:interact_with_furnace":7,"minecraft:sprint_one_cm":40011,"minecraft:damage_taken":430,"minecraft:walk_one_cm":51037,"minecraft:mob_kills":12,"minecraft:drop":7,"minecraft:damage_dealt":1270,"minecraft:swim_one_cm":7819,"minecraft:interact_with_crafting_table":8,"minecraft:fly_one_cm":31930,"minecraft:play_time":22194,"minecraft:sneak_time":5,"minecraft:walk_under_water_one_cm":734,"minecraft:jump":267,"minecraft:time_since_death":22194,"minecraft:walk_on_water_one_cm":752,"minecraft:total_world_time":22194,"minecraft:fall_one_cm":5001},"minecraft:broken":{"minecraft:stone_pickaxe":1},"minecraft:mined":{"minecraft:iron_ore":2,"minecraft:dark_oak_log":28,"minecraft:coal_ore":21,"minecraft:grass_block":2,"minecraft:gravel":1,"minecraft:dirt":3,"minecraft:stone":115,"minecraft:wall_torch":3},"minecraft:crafted":{"minecraft:charcoal":5,"minecraft:cooked_porkchop":16,"minecraft:crafting_table":3,"minecraft:stick":12,"minecraft:wooden_pickaxe":1,"minecraft:stone_pickaxe":2,"minecraft:furnace":1,"minecraft:white_bed":1,"minecraft:dark_oak_planks":28,"minecraft:torch":8,"minecraft:stone_axe":1,"minecraft:cooked_mutton":4,"minecraft:air":0},"minecraft:killed":{"minecraft:sheep":3,"minecraft:skeleton":1,"minecraft:pig":7,"minecraft:cow":1}},"DataVersion":3955}