{"stats":{"minecraft:picked_up":{"minecraft:crafting_table":6,"minecraft:andesite":42,"minecraft:flint":1,"minecraft:oak_log":10,"minecraft:gunpowder":1,"minecraft:lapis_lazuli":15,"minecraft:dirt":14,"minecraft:cobbled_deepslate":70,"minecraft:rabbit_hide":2,"minecraft:azalea":1,"minecraft:rabbit":4,"minecraft:sugar_cane":18,"minecraft:furnace":4,"minecraft:stick":12,"minecraft:raw_iron":7,"minecraft:gravel":4,"minecraft:diorite":19,"minecraft:hay_block":15,"minecraft:bone_meal":1,"minecraft:oak_sapling":2,"minecraft:cobblestone":142},"minecraft:used":{"minecraft:stone_pickaxe":254,"minecraft:wooden_pickaxe":51,"minecraft:torch":5,"minecraft:wheat":9,"minecraft:crafting_table":6,"minecraft:bread":7,"minecraft:iron_pickaxe":1,"minecraft:iron_boots":1,"minecraft:stone_axe":29,"minecraft:cobblestone":23,"minecraft:oak_sapling":1,"minecraft:furnace":4,"minecraft:cooked_rabbit":4,"minecraft:bone_meal":1},"minecraft:dropped":{"minecraft:dirt":14,"minecraft:diorite":2,"minecraft:andesite":15,"minecraft:azalea":1,"minecraft:wooden_pickaxe":1},"minecraft:broken":{"minecraft:stone_pickaxe":1},"minecraft:killed_by":{"minecraft:skeleton":1,"minecraft:enderman":1},"minecraft:mined":{"minecraft:crafting_table":6,"minecraft:grass_block":2,"minecraft:dead_bush":11,"minecraft:lapis_ore":2,"minecraft:sugar_cane":8,"minecraft:diorite":19,"minecraft:hay_block":15,"minecraft:furnace":4,"minecraft:iron_ore":7,"minecraft:andesite":42,"minecraft:oak_log":10,"minecraft:flowering_azalea_leaves":1,"minecraft:gravel":5,"minecraft:sand":1,"minecraft:dirt":12,"minecraft:stone":142,"minecraft:deepslate":71},"minecraft:custom":{"minecraft:interact_with_furnace":15,"minecraft:mob_kills":5,"minecraft:interact_with_crafting_table":13,"minecraft:interact_with_loom":1,"minecraft:bell_ring":1,"minecraft:time_since_death":109,"minecraft:sleep_in_bed":1,"minecraft:time_since_rest":154,"minecraft:sprint_one_cm":136365,"minecraft:damage_taken":843,"minecraft:walk_one_cm":55897,"minecraft:drop":5,"minecraft:damage_dealt":330,"minecraft:swim_one_cm":17125,"minecraft:fly_one_cm":257974,"minecraft:open_chest":3,"minecraft:play_time":56237,"minecraft:deaths":2,"minecraft:sneak_time":12,"minecraft:walk_under_water_one_cm":3175,"minecraft:jump":936,"minecraft:walk_on_water_one_cm":2783,"minecraft:total_world_time":56237,"minecraft:fall_one_cm":34101,"minecraft:horse_one_cm":449},"minecraft:killed":{"minecraft:rabbit":4,"minecraft:creeper":1},"minecraft:crafted":{"minecraft:oak_planks":20,"minecraft:crafting_table":1,"minecraft:wooden_pickaxe":1,"minecraft:furnace":1,"minecraft:stone_axe":1,"minecraft:bread":48,"minecraft:air":0,"minecraft:iron_boots":1,"minecraft:charcoal":5,"minecraft:stick":4,"minecraft:iron_ingot":7,"minecraft:iron_pickaxe":1,"minecraft:stone_pickaxe":4,"minecraft:torch":8,"minecraft:cooked_rabbit":4,"minecraft:wheat":135}},"DataVersion":3955}