{"stats":{"minecraft:picked_up":{"minecraft:pink_petals":14,"minecraft:raw_iron":2,"minecraft:leather":2,"minecraft:torch":6,"minecraft:gravel":1,"minecraft:porkchop":16,"minecraft:dark_oak_log":28,"minecraft:dirt":447,"minecraft:arrow":1,"minecraft:bone":2,"minecraft:wheat_seeds":1,"minecraft:beef":1,"minecraft:stone_pickaxe":1,"minecraft:poppy":2,"minecraft:coal":34,"minecraft:mutton":4,"minecraft:white_wool":3,"minecraft:cobblestone":430},"minecraft:used":{"minecraft:cooked_mutton":1,"minecraft:stone_shovel":492,"minecraft:stone_pickaxe":468,"minecraft:wooden_pickaxe":3,"minecraft:pink_petals":11,"minecraft:stone_axe":48,"minecraft:torch":25,"minecraft:dirt":322,"minecraft:cobblestone":45,"minecraft:crafting_table":4,"minecraft:furnace":1,"minecraft:cooked_porkchop":7,"minecraft:white_bed":1},"minecraft:dropped":{"minecraft:cooked_porkchop":5,"minecraft:stone_pickaxe":1,"minecraft:wooden_pickaxe":1},"minecraft:custom":{"minecraft:time_since_rest":14290,"minecraft:interact_with_furnace":7,"minecraft:sprint_one_cm":86488,"minecraft:damage_taken":735,"minecraft:walk_one_cm":193619,"minecraft:mob_kills":13,"minecraft:drop":7,"minecraft:damage_dealt":1632,"minecraft:swim_one_cm":7819,"minecraft:interact_with_crafting_table":11,"minecraft:fly_one_cm":62625,"minecraft:crouch_one_cm":1390,"minecraft:play_time":52194,"minecraft:sneak_time":560,"minecraft:walk_under_water_one_cm":734,"minecraft:jump":587,"minecraft:time_since_death":52194,"minecraft:walk_on_water_one_cm":752,"minecraft:sleep_in_bed":2,"minecraft:total_world_time":52194,"minecraft:fall_one_cm":10835},"minecraft:broken":{"minecraft:stone_pickaxe":3,"minecraft:stone_shovel":3},"minecraft:mined":{"minecraft:pink_petals":6,"minecraft:iron_ore":2,"minecraft:cherry_log":1,"minecraft:dark_oak_log":28,"minecraft:short_grass":6,"minecraft:poppy":1,"minecraft:coal_ore":34,"minecraft:grass_block":157,"minecraft:gravel":1,"minecraft:dirt":344,"minecraft:stone":431,"minecraft:wall_torch":6},"minecraft:crafted":{"minecraft:stone_shovel":5,"minecraft:charcoal":5,"minecraft:cooked_porkchop":16,"minecraft:crafting_table":4,"minecraft:stick":60,"minecraft:wooden_pickaxe":1,"minecraft:stone_pickaxe":9,"minecraft:furnace":1,"minecraft:white_bed":1,"minecraft:dark_oak_planks":56,"minecraft:torch":112,"minecraft:stone_axe":1,"minecraft:cooked_mutton":4,"minecraft:air":0},"minecraft:killed":{"minecraft:sheep":3,"minecraft:skeleton":2,"minecraft:pig":7,"minecraft:cow":1}},"DataVersion":3955}